Name,Email,Company,Job Title,Industry,Lead Score,Lead Priority,Business Need,Recommended Action
Sarah Johnson,sarah.johnson@brighttech.com,BrightTech,Operations Manager,Tech,78,Medium,Workflow Optimization,Schedule a consultation to discuss automation tool options
David Lee,david.lee@marketboost.com,MarketBoost,Marketing Director,Marketing/Advertising,60,Medium,Efficiency and Performance Improvement,Schedule a 30-minute demo to discuss AI tool integration and ROI potential
Emily Carter,emily.carter@finlogic.com,FinLogic,CTO,Finance,80,High,"{'description': 'Machine learning solutions for finance', 'level_of_impact': 'High', 'priority': 'Urgent'}","['Schedule a call to discuss machine learning solutions for FinLogic', 'Provide case studies and success stories related to finance', ""Offer a free assessment of FinLogic's current ML capabilities""]"
Michael Brown,michael.brown@retailplus.com,RetailPlus,Founder,Retail,80,High,Automate inventory management to improve efficiency and reduce errors,Schedule a demo to showcase our inventory management software features and discuss implementation plans
Jessica Smith,jessica.smith@healthpro.com,HealthPro,Product Manager,Healthcare,80,High,Data analysis to inform patient care strategies,Schedule a demo to discuss AI-powered patient data analysis solutions
Daniel Wilson,daniel.wilson@edutech.com,Edutech,CEO,Education,80,High,Improve student engagement using AI tools,Schedule a demo of AI-based student engagement solutions
Laura Martinez,laura.martinez@greenenergy.com,GreenEnergy,Operations Head,Renewable Energy,85,High,Increase operational efficiency,Schedule a consultation to discuss customized workflow automation solutions for energy management
James Taylor,james.taylor@finsecure.com,FinSecure,CFO,Finance,90,High,Risk management and compliance,Schedule a call to discuss our predictive analytics solutions for risk management and provide a custom proposal
Sophia Anderson,sophia.anderson@foodies.com,Foodies,Marketing Manager,Food Service/Retail,75,Medium,Personalized marketing campaigns to enhance customer engagement and drive sales,"Schedule a call to discuss AI-based marketing solutions, provide case studies, and outline implementation plan"
Robert Thomas,robert.thomas@logistix.com,Logistix,COO,Logistics and Transportation,85,High,Route optimization for more efficient logistics operations,Schedule a demo to discuss implementation options
Olivia Jackson,olivia.jackson@medicareplus.com,MedicarePlus,CTO,Healthcare,80,High,Improving patient care and diagnostics through AI-enhanced monitoring tools,Schedule a demo to discuss custom AI solutions for patient monitoring and diagnostics
William White,william.white@buildsmart.com,BuildSmart,Project Manager,Construction,80,High,Efficient project planning and management,Schedule a demo to discuss software features and implementation process
Isabella Harris,isabella.harris@retailhub.com,RetailHub,Operations Manager,Retail,80,High,Inventory Management and Data Analysis,Schedule a demo to showcase AI-powered inventory management and sales data analysis solutions
Ethan Martin,ethan.martin@fintrack.com,FinTrack,Financial Analyst,Finance and Banking,80,High,Making informed investment decisions using AI-driven insights,Schedule a call to discuss how FinTrack can leverage AI for investment analysis
Mia Thompson,mia.thompson@techwave.com,TechWave,Product Owner,Software/Technology,80,High,Automation for Software Testing to Increase Efficiency and Reduce Costs,Send Case Study on Automated Testing Solution for TechWave and Schedule a Call with a Product Specialist
Alexander Garcia,alex.garcia@mobilityx.com,MobilityX,CTO,Transportation,80,High,Improve fleet management efficiency,Schedule a call to discuss AI implementation for fleet management solutions
Amelia Martinez,amelia.martinez@ecofoods.com,EcoFoods,Operations Head,Food and Beverage,80,High,Supply chain optimization to improve efficiency and reduce costs,Schedule a call to discuss EcoFoods' current supply chain challenges and how AI can help streamline operations
Benjamin Robinson,benjamin.robinson@insuremax.com,InsureMax,Claims Manager,Insurance,80,High,Fraud Detection and Prevention in Claims Processing,Request demo or trial of AI-powered fraud detection software
Charlotte Lewis,charlotte.lewis@smartlearn.com,SmartLearn,Education Director,Education,85,High,Personalization of learning experiences to improve student outcomes and engagement,Schedule a consultation to discuss AI integration with SmartLearn's existing systems
Henry Walker,henry.walker@energex.com,EnergeX,Project Manager,Energy and Utilities,80,High,Predictive Energy Consumption Forecasting for Efficiency and Cost Reduction,Schedule a meeting to discuss how our predictive AI can help EnergeX optimize energy consumption and reduce costs
Evelyn Young,evelyn.young@healthway.com,HealthWay,CEO,Healthcare,80,High,Patient Scheduling Optimization,Schedule a demo or consultation to review AI-assisted patient scheduling solutions for HealthWay
Lucas Allen,lucas.allen@marketguru.com,MarketGuru,Marketing Lead,Marketing,80,High,Optimize marketing strategy with data-driven insights,Schedule a call to discuss MarketGuru's pain points and how AI-driven marketing analytics can meet their business needs
Abigail King,abigail.king@techzone.com,TechZone,CTO,Technology,80,High,Process Automation,Schedule a call with our Automation Consultant to discuss AI-powered solutions tailored to TechZone's needs
Mason Scott,mason.scott@logixpro.com,LogixPro,Operations Head,Manufacturing,70,Medium,Optimizing warehouse operations for efficiency and productivity,Schedule a call to discuss warehouse optimization solutions
Harper Green,harper.green@finwise.com,FinWise,CFO,Finance,80,High,Risk Assessment,Schedule a call to discuss AI applications in risk analysis and provide a customized demo of our financial risk assessment solution
Logan Adams,logan.adams@meditech.com,MediTech,Product Manager,Healthcare,80,High,AI for medical data analysis,Schedule a call to discuss potential solutions and create a customized proposal.
Ella Baker,ella.baker@ecoenergy.com,EcoEnergy,Operations Manager,Energy and Utilities,85,High,Optimizing Energy Usage to Reduce Costs and Environmental Impact,Schedule a call with our AI Expert to discuss a custom solution for predictive energy usage optimization
Jacob Nelson,jacob.nelson@foodmart.com,FoodMart,Marketing Director,Retail/Grocery,80,High,Improve customer engagement and retention,Schedule a call to discuss potential AI solutions for customer engagement and personalization
Sofia Carter,sofia.carter@edusmart.com,EduSmart,CTO,Education,80,High,AI-powered adaptive learning platform for enhanced educational outcomes,Schedule a demo to showcase our AI solutions and discuss integration requirements
Liam Perez,liam.perez@transportix.com,Transportix,COO,Logistics,85,High,Optimization of logistics and transportation operations,Schedule a call to discuss specific pain points and potential solutions
Aria Collins,aria.collins@retailplus.com,RetailPlus,Operations Head,Retail,80,High,Optimize inventory management and sales tracking processes for operational efficiency,Schedule a call to discuss specific pain points and propose automation solutions tailored to RetailPlus's operations
